id	name	similarity
DB01048	abacavir	0.33376145
DB00495	zidovudine	0.2832771
DB12698	ibalizumab	0.2593403
DB04835	maraviroc	0.21978292
T0000000	test_drug	0.12172732
DB09065	Cobicistat	0.11440819
DB08930	doluregravir	0.08102928
DB08864	rilpivirine	0.07480215
DB11656	rebamipide	-1.837112
revaprazan		-1.850365
DB11635	tocofersolan	-1.9020702
DB00979	cyclopentolate	-1.9074655
DB05630	Sodium stibogluconate	-1.9081557
DB09040	efinaconazole	-1.9111475
DB01167	itraconazole	-1.9111475
DB11181	homatropine	-1.9154509
DB01271	Idursulfase	-1.918804
DB00857	terbinafine	-1.9204748
buflomedil		-1.9214748
ammonium-lactate		-1.9234504
DB01438	Phenazopyridine	-1.9378589
DB00403	Ceruletide	-1.946794
DB11753	rifamycin	-1.9487771
DB04967		-1.9550478
DB05521	telaprevir	-1.9556539
DB00298	dapiprazole	-1.9605702
DB08869	tesamorelin	-1.9647653
DB00768	olopatadine	-1.9703928
DB00503	Ritonavir	-1.9715686
DB01106	levocabastine	-1.9726555
DB00300	tenofovir-disoproxil	-1.9757799
DB04896	milnacipran	-1.9768382
DB06290	simeprevir	-1.9782649
DB00921	Buprenorphine	-1.9783309
DB11071	phenyl-salicylate	-1.9784333
DB04951	pirfenidone	-1.9795115
DB01265	telbivudine	-1.979665
DB00400	griseofulvin	-1.9798005
DB08835	Spaglumic acid	-1.9801337
DB08873	boceprevir	-1.980146
DB11235	thonzylamine	-1.9810793
DB01201	rifapentine	-1.9815469
DB01279	Galsulfase	-1.9822388
DB06697		-1.9827914
DB00339	pyrazinamide	-1.9842899
DB09131	cupric chloride	-1.9844636
levocarnitine-propionate		-1.9845225
DB12230	bunazosin	-1.9845226
DB00615	Rifabutin	-1.984736
DB06803	Niclosamide	-1.9847939
DB09332	Kappadione	-1.9852322
DB00209	trospium	-1.985523
DB08871	Eribulin	-1.9864063
cycloserine-(d)		-1.9868366
DB08893	mirabegron	-1.9874468
thiostrepton		-1.9875591
DB14061	hycanthone	-1.9881297
DB06702	fesoterodine	-1.9939792
DB00496	darifenacin	-1.9939792
DB01591	solifenacin-succinate	-1.9939792
DB01036	tolterodine	-1.9939792
DB00196	fluconazole	-1.9941452
DB11560	lesinurad	-1.9955025
DB01045	rifampin	-1.9959729
DB08802	Isothipendyl	-1.9973956
DB00452	Framycetin	-1.9990172
DB01062	oxybutynin	-1.9992456
DB04866	halofuginone	-2.0006256
DB00917	Dinoprostone	-2.001111
DB11362	selexipag	-2.0012262
DB09069	trimetazidine	-2.0016725
DB01110	miconazole	-2.0025558
DB01077	etidronic-acid	-2.0027683
DB12278	propiverine	-2.0040252
DB04865	homoharringtonine	-2.0053613
omeprazole-magnesium		-2.0085216
DB00686	Pentosan Polysulfate	-2.0088816
DB00120	L-Phenylalanine	-2.009115
DB00738	pentamidine	-2.0107493
DB00342	Terfenadine	-2.0119114
DB01032	probenecid	-2.0135334
DB01394	colchicine	-2.013785
penfluridol		-2.0140438
sodium-oxybate		-2.0150054
DB00276	amsacrine	-2.0153399
DB01082	streptomycin	-2.0156078
DB00042	botulinum toxin type B	-2.016361
DB01593	zinc	-2.0165315
DB00603	medroxyprogesterone acetate	-2.0176938
meldonium		-2.019436
DB00378	dydrogesterone	-2.0204582
DB09046	metreleptin	-2.0217657
DB00311	ethoxzolamide	-2.0219598
DB00787	acyclovir	-2.022338
DB00920	ketotifen	-2.022644
DB08992	eperisone	-2.0229306
DB01280	nelarabine	-2.0239952
DB01133	tiludronate	-2.0243425
DB00716	nedocromil	-2.0250504
tebipenem		-2.025932
DB00429	Carboprost Tromethamine	-2.025969
DB01242	clomipramine	-2.026243
DB06689	Monoethanolamine oleate	-2.0265281
DB09083	ivabradine	-2.026625
DB04272		-2.0276392
DB05265	ecabet	-2.0285392
taltirelin		-2.0286071
DB00185	cevimeline	-2.029744
tepoxalin		-2.0323882
DB04576	fleroxacin	-2.032647
DB00770	alprostadil	-2.0326643
DB08818		-2.033087
DB08912	dabrafenib	-2.0342357
DB12865	velcalcetide	-2.0345473
DB00600	monobenzone	-2.035262
DB00396	progesterone	-2.035736
DB00762	irinotecan	-2.0361683
DB00811	ribavirin	-2.0367153
DB13954	estradiol cypionate	-2.0367754
DB00745	modafinil	-2.037311
DB00417	penicillin-v-potassium	-2.0373385
DB00032	Follicle Stimulating Hormone	-2.0377433
DB01685	topiroxostat	-2.0378015
DB04854	febuxostat	-2.0378015
minodronic-acid		-2.038115
DB00812	Phenylbutazone	-2.0384994
DB08810	Cinitapride	-2.0388815
DB11660		-2.0390708
DB00243	ranolazine	-2.0392509
DB00102	Becaplermin	-2.0395641
DB01590	everolimus	-2.0397162
DB01420	Testosterone Propionate	-2.0398326
sodium-tetradecyl-sulfate		-2.0400612
DB00464	Sodium Tetradecyl Sulfate	-2.0400612
DB06413	armodafinil	-2.0403144
DB00703	methazolamide	-2.0409946
prednisolone-acetate		-2.041579
testosterone-undecanoate		-2.0418053
testosterone-enanthate		-2.0418053
DB00976	telithromycin	-2.041985
DB00233	aminosalicylate	-2.0422733
DB00906	tiagabine	-2.0424876
DB01253	ergonovine	-2.0427032
DB04841	flunarizine	-2.0430837
bucladesine		-2.0431066
DB01295	bevantolol	-2.0431924
DB04115		-2.0434723
DB00809	tropicamide	-2.0435088
DB05389	TETRACHLORODECAOXIDE	-2.0437298
DB00244	mesalazine	-2.0438716
DB01208	sparfloxacin	-2.0440269
DB00951	Isoniazid	-2.0441668
DB13943	testosterone cypionate	-2.0448265
DB00836	loperamide	-2.0448334
DB00776	oxcarbazepine	-2.0448482
DB01429	aprindine	-2.0449345
ibuprofen-lysine		-2.0450587
DB06230	nalmefene	-2.0450916
DB00736	esomeprazole	-2.0451112
DB01284	Cosyntropin	-2.0455117
hyaluronic-acid		-2.0458326
DB01440	Gamma Hydroxybutyric Acid	-2.0459654
DB00751	epinastine	-2.0459938
DB01202	levetiracetam	-2.046023
DB00626	bacitracin	-2.0461109
DB11059	CARMELLOSE	-2.046688
DB08881	vemurafenib	-2.0468032
DB00541	vincristine	-2.047229
DB00858	Drostanolone	-2.0474734
DB01074	perhexiline	-2.0479326
DB01188	ciclopirox	-2.0485668
DB00321	amitriptyline	-2.0485768
DB06736	aceclofenac	-2.0485778
DB05239	cobimetinib	-2.0486376
DB00883	isosorbide-dinitrate	-2.0491366
DB01196	estramustine	-2.0492935
phosphatidylcholine		-2.0495267
DB01053	benzylpenicillin	-2.0497363
DB00677	isoflurophate	-2.0497441
DB08911	trametinib	-2.0501308
DB00944	demecarium	-2.0502045
DB08932	macitentan	-2.0504467
DB00717	norethindrone	-2.050574
DB12319	benzbromarone	-2.0506487
DB01138	sulfinpyrazone	-2.0511756
pralidoxime-chloride		-2.0512958
aceclidine		-2.0513089
DB01597	Cilastatin	-2.0518177
DB00446	chloramphenicol	-2.0520499
DB01157	Trimetrexate	-2.052055
DB00724	imiquimod	-2.0525618
DB04941	CROFELEMER	-2.0527518
DB09091	Tixocortol	-2.0529034
DB01094	Hesperetin	-2.053371
DB11131	capsicum oleoresin	-2.0537705
DB09185	viloxazine	-2.0540898
DB05829	PARATHYROID HORMONE	-2.0542274
DB00687	Fludrocortisone	-2.0544462
DB00504	levallorphan	-2.054671
DB01839	propylene glycol	-2.0546858
DB01576	dextroamphetamine	-2.0547116
DB09143	sonidegib	-2.054753
DB08828	vismodegib	-2.054753
DB01744	Camphor	-2.0553963
DB09033	vedolizumab	-2.055545
DB01401	Trisalicylate-choline	-2.055587
DB06412	oxymetholone	-2.0558243
DB06788	Histrelin	-2.0561323
DB00873	loteprednol	-2.0562108
DB04519	octanoic acid	-2.0565214
DB05351	dexlansoprazole	-2.056708
DB00605	sulindac	-2.056975
DB00441	gemcitabine	-2.0573623
DB01244	bepridil	-2.0574772
DB00445	epirubicin	-2.0578496
sodium-monofluorophosphate		-2.057903
DB00394	beclomethasone-dipropionate	-2.0579674
DB00896	rimexolone	-2.0581563
DB00176	fluvoxamine	-2.058197
DB00091	cyclosporine	-2.058412
DB12010	fostamatinib	-2.0585284
DB01164	Calcium Chloride	-2.0586195
DB00666	Nafarelin	-2.0586727
DB01083	orlistat	-2.05882
DB01257	Eculizumab	-2.058932
DB00117	L-Histidine	-2.0592785
DB00123	L-Lysine	-2.0595632
DB06317	Elotuzumab	-2.0597136
DB13036	ramatroban	-2.059724
DB01144	diclofenamide	-2.0600078
DB08872	gabapentin-enacarbil	-2.0601966
DB06243	eflornithine	-2.0603259
DB06710	Methyltestosterone	-2.060631
DB04665	coumarin	-2.0606964
DB02772	SUCROSE	-2.0608003
DB11817	baricitinib	-2.0608943
DB00174	L-Asparagine	-2.0609586
DB00118	ademetionine	-2.0613675
DB01192	Oxymorphone	-2.0616338
DB00051	Adalimumab	-2.0618646
DB09220	nicorandil	-2.0618908
DB00909	zonisamide	-2.0619588
DB00866	alprenolol	-2.0619984
DB04575	quinestrol	-2.0623488
DB01024	mycophenolic-acid	-2.0623538
DB00688	mycophenolate-mofetil	-2.0623538
DB00819	acetazolamide	-2.0623693
DB00422	methylphenidate	-2.062618
DB03017		-2.0627313
DB06674	golimumab	-2.062733
DB00141	N-Acetyl-D-glucosamine	-2.062743
DB00631	clofarabine	-2.062958
DB00290	bleomycin	-2.0630436
DB08895	tofacitinib	-2.063509
DB06782	dimercaprol	-2.0636156
DB06616	bosutinib	-2.0636535
DB00530	erlotinib	-2.0637076
DB00005	Etanercept	-2.0637255
DB01081	Diphenoxylate	-2.0637782
DB01243	chloroxine	-2.0638032
DB00230	pregabalin	-2.0638192
DB09053	ibrutinib	-2.0640635
DB00890	dienestrol	-2.0640686
DB09371	noretynodrel	-2.0641553
DB00624	testosterone	-2.0642147
DB04106	fotemustine	-2.0644147
DB00038	Oprelvekin	-2.0644999
DB09568	Omega-3-carboxylic acids	-2.0647295
DB06824	trientine	-2.0648298
DB11824	tofogliflozin	-2.064888
DB00295	Morphine	-2.0651574
DB00825	levomenthol	-2.0651639
arsenic-trioxide		-2.0653431
DB01250	olsalazine	-2.0655515
DB00559	bosentan	-2.0660033
DB01099	flucytosine	-2.0660377
DB01586	ursodiol	-2.0663245
DB00505	tridihexethyl	-2.0664356
DB00193	tramadol	-2.066724
DB06637	dalfampridine	-2.0668497
DB00726	trimipramine	-2.0670514
L-Citrulline		-2.0671375
DB00380	dexrazoxane	-2.067144
DB00181	baclofen	-2.0671933
DB09526	hydroquinone	-2.0672402
DB09516	mequinol	-2.0672402
DB04552	niflumic-acid	-2.0672884
bifemelane		-2.067415
DB01628	etoricoxib	-2.0674424
DB00823	ethynodiol-diacetate	-2.0674505
DB01151	desipramine	-2.0675054
DB00255	Diethylstilbestrol	-2.0678039
DB00964	apraclonidine	-2.0678718
DB00163	Vitamin E	-2.068279
DB13217	fentiazac	-2.068296
bendazac		-2.068296
chlormadinone-acetate		-2.0683625
DB03255	Phenol	-2.0683815
desoxycorticosterone-pivalate		-2.068514
DB00094		-2.0686567
DB00065	Infliximab	-2.0696375
DB00729		-2.070037
DB04931	MSH, 4-Nle-7-Phe-alpha-	-2.070203
DB00324	fluorometholone	-2.0703175
DB09462	Glycerin	-2.0710297
DB01025	amlexanox	-2.071076
DB09078	lenvatinib	-2.0711386
DB00129	L-Ornithine	-2.0713763
DB04465	Lactose	-2.0716672
DB00862	vardenafil	-2.0716805
DB09401	isosorbide	-2.071686
DB00449	dipivefrine	-2.0718055
DB11696	racecadotril	-2.0721064
DB00469	tenoxicam	-2.0722225
DB00173	Adenine	-2.0722826
DB00882	clomifene	-2.072742
DB00286	Conjugated Estrogens	-2.0727444
DB01411	pranlukast	-2.072812
pipenzolate		-2.0730817
piperidolate		-2.0730817
DB00114	Pyridoxal Phosphate	-2.0732617
DB08879	Belimumab	-2.073586
L-Arginine		-2.0735965
DB00868	benzonatate	-2.0737853
DB00203	sildenafil	-2.0739567
DB00627	niacin	-2.074221
DB06713	norelgestromin	-2.0743353
DB00150	tryptophan	-2.0744555
DB00783	estradiol	-2.0745313
DB00893	IRON DEXTRAN	-2.074561
DB00148		-2.0745845
DB00885	pemirolast	-2.0748243
DB00444	teniposide	-2.0750253
DB11767	sarilumab	-2.0750535
DB00155	L-Citrulline	-2.075372
DB09074	olaparib	-2.0754986
DB09079	nintedanib	-2.0757396
DB01184	domperidone	-2.0761693
DB05990	obeticholic acid	-2.0763054
DB00527	cinchocaine	-2.0763328
DB01306	insulin aspart, biphasic isophane [injection]	-2.0764933
DB05676	apremilast	-2.07662
ACT-132577		-2.0768569
DB06403	ambrisentan	-2.0768569
DB04868	nilotinib	-2.0769806
DB00675	tamoxifen	-2.0770733
DB00121	Biotin	-2.0774546
DB00554	piroxicam	-2.0774703
DB00187	esmolol	-2.0775857
azelaic-acid		-2.0776703
DB11629	laropiprant	-2.0776863
DB00984	Nandrolone phenpropionate	-2.0777578
DB00428	streptozotocin	-2.0777714
DB00192		-2.0777793
DB08904	Certolizumab pegol	-2.077801
DB08839	serotonin	-2.0778122
DB08984	etofenamate	-2.0778196
DB09262	imidafenacin	-2.0778444
DB00713	Oxacillin	-2.0778809
DB07477	felbinac	-2.0779185
DB00034	Interferon Alfa-2a	-2.0779607
DB00022	Peginterferon alfa-2b	-2.0779607
DB00953	rizatriptan	-2.0779765
DB00315	zolmitriptan	-2.0779765
DB00952	naratriptan	-2.0779765
DB01297		-2.0780082
gentamycin		-2.0780458
DB11324	nonivamide	-2.0781684
DB09304	setiptiline	-2.078397
DB00122	Choline	-2.0785081
dexamethasone-sodium-phosphate		-2.0786326
DB08931	riociguat	-2.0788882
DB01012	cinacalcet	-2.0788991
DB00182	Amphetamine	-2.0792165
DB00795	sulfasalazine	-2.0793688
DB00980	ramelteon	-2.079409
DB00277	Theophylline	-2.0794642
DB09555	Dexchlorpheniramine maleate	-2.0794919
DB08804	Nandrolone decanoate	-2.0796018
DB00143	Glutathione	-2.0797136
DB00361	vinorelbine	-2.0797594
DB12483	copanlisib	-2.0797606
DB11994	diacerein	-2.0799422
neridronic-acid		-2.0800009
DB00669	sumatriptan	-2.0802102
DB00216	eletriptan	-2.0802426
DB01327	cefazolin	-2.0802546
DB00861	diflunisal	-2.0803044
DB04845	ixabepilone	-2.0804152
DB11582	thiocolchicoside	-2.0804346
DB00399	zoledronic-acid	-2.0805674
DB00081	Tositumomab	-2.0808063
DB09029	secukinumab	-2.0809357
DB00105		-2.0809565
DB01219	dantrolene	-2.0811434
DB00297	bupivacaine	-2.0811665
DB09034	suvorexant	-2.0814123
DB00320	dihydroergotamine	-2.081564
DB01956	taurine	-2.0816576
flopropione		-2.0817142
DB00352	thioguanine	-2.0818424
DB00947	fulvestrant	-2.0819604
DB14006	choline salicylate	-2.0820603
DB00204		-2.082255
DB00651	dyphylline	-2.0823307
DB03619	deoxycholic-acid	-2.0823328
DB01296	glucosamine	-2.0823455
DB06825	triptorelin	-2.0828018
DB04938	ospemifene	-2.0828612
DB00125	L-Arginine	-2.0828753
DB00696	ergotamine	-2.082899
DB06809	plerixafor	-2.0829167
DB01049	Ergoloid mesylate	-2.082957
DB00056	Gemtuzumab ozogamicin	-2.0830002
DB00977	ethinyl-estradiol	-2.083053
DB00282	pamidronate	-2.0831459
DB01281	Abatacept	-2.083168
DB00773	etoposide	-2.0832918
DB05679	Ustekinumab	-2.0832965
DB09146	Sucroferric Oxyhydroxide	-2.083333
DB01399	sasapyrine	-2.083383
DB00814	meloxicam	-2.083383
DB00831	trifluoperazine	-2.0834553
DB04953	retigabine	-2.083468
DB09049	naloxegol	-2.0834801
DB00066		-2.0836554
DB01283	Lumiracoxib	-2.0837638
DB00499	flutamide	-2.0838559
DB00875	flupentixol	-2.0839202
DB00008	Peginterferon alfa-2a	-2.0841446
DB00704	naltrexone	-2.0841527
DB09481	magnesium carbonate	-2.0843225
tannic-acid		-2.0843322
DB02530	GAMMA-AMINOBUTYRIC ACID	-2.0844686
DB06144	Sertindole	-2.0844839
DB01078	deslanoside	-2.0846758
DB01580	oxprenolol	-2.0847151
DB13169	nandrolone	-2.0848017
DB08800	chloropyramine	-2.08493
DB00665	nilutamide	-2.0849905
DB06217	vernakalant	-2.0850039
DB00630	alendronate	-2.0853136
DB01592	Iron	-2.0853431
DB01097	leflunomide	-2.0855403
DB09085	tetracaine	-2.0856075
DB00289	atomoxetine	-2.085649
DB06800	methylnaltrexone	-2.0858686
DB01622	thioproperazine	-2.0859027
DB00491	miglitol	-2.0861466
DB01577	Methamphetamine	-2.0861769
DB00463	metharbital	-2.0862029
DB00012	Darbepoetin alfa	-2.086352
DB00016	Erythropoietin	-2.086352
DB09107	METHOXY POLYETHYLENE GLYCOL-EPOETIN BETA	-2.086352
DB08894	PEGINESATIDE	-2.086352
DB00621	oxandrolone	-2.086375
DB00655	Estrone	-2.0864084
DB11273	DIHYDROERGOCORNINE	-2.0865946
DB01206	lomustine	-2.0866797
DB00306	Talbutal	-2.086913
DB01248	docetaxel	-2.086972
DB13345	DIHYDROERGOCRISTINE	-2.0871365
DB01708	Dehydroepiandrosterone	-2.0871522
DB09000	cyamemazine	-2.087231
DB00131	Adenosine monophosphate	-2.087247
DB09119	eslicarbazepine-acetate	-2.087328
DB00130	glutamine-(l)	-2.0874715
DB00139	Succinic acid	-2.0875971
DB09126		-2.0876315
DB00755	tretinoin	-2.0877728
DB00617	paramethadione	-2.0878053
DB00347	trimethadione	-2.0878053
DB05246	methsuximide	-2.0878053
DB00832	phensuximide	-2.0878053
DB00402	eszopiclone	-2.0878189
DB06410	doxercalciferol	-2.0878274
DB04842	fluspirilene	-2.087992
DB00476	duloxetine	-2.0881348
DB00662	trimethobenzamide	-2.0881903
adiphenine		-2.0882225
DB08906	fluticasone furoate	-2.0882337
DB00411	carbachol	-2.088442
spiperone		-2.0884995
DB00371	meprobamate	-2.0885673
DB01212	ceftriaxone	-2.0886006
DB11130	Opium	-2.0886285
DB01698	rutin	-2.0888414
DB06701	Dexmethylphenidate	-2.0888531
DB00253	medrysone	-2.0889003
DB00801	Halazepam	-2.0889533
DB08985	etilefrine	-2.0890064
DB00068	Interferon beta-1b	-2.0890172
DB06153	pizotifen	-2.089066
DB05266	ibudilast	-2.0892572
DB06218	lacosamide	-2.0892904
DB04946	iloperidone	-2.0893617
DB00133	L-Serine	-2.0893764
DB01086	Benzocaine	-2.0894396
DB13179	troleandomycin	-2.0895126
DB00119	Pyruvic acid	-2.0897045
DB09225	zotepine	-2.089734
DB00916	metronidazole	-2.0900536
fenigam		-2.0901403
DB09283	trapidil	-2.0901594
DB01404	GINSENG	-2.090217
DB00644	gonadorelin	-2.0902557
DB00599	thiopental	-2.0903637
DB00211	midodrine	-2.0905452
DB06288	amisulpride	-2.0907369
DB00607	Nafcillin	-2.0907974
DB01128	bicalutamide	-2.0909245
ephedrine-(racemic)		-2.0910227
DB06709	methacholine	-2.0910277
DB00010	Sermorelin	-2.091078
DB09070	tibolone	-2.0911162
DB00304	desogestrel	-2.0911725
DB09123	dienogest	-2.0913239
DB09286	pipamperone	-2.0917192
DB00069		-2.0917194
DB00060	INTERFERON BETA-1A,RECOMBINANT	-2.0917606
DB01430	almitrine	-2.0918076
DB00645	dyclonine	-2.0918517
DB01026	ketoconazole	-2.0919302
DB00884	risedronate	-2.092034
nemonapride		-2.0923889
DB00188	bortezomib	-2.0925066
DB01020	isosorbide-mononitrate	-2.092827
DB01656	roflumilast	-2.0928855
DB01255	Lisdexamfetamine	-2.0928874
DB01452	Heroin	-2.0929995
DB08808	bupranolol	-2.093044
DB00945	aspirin	-2.0930963
DB00532	mephenytoin	-2.0931437
DB09223	blonanserin	-2.0931818
DB01034		-2.09323
DB12836	grapiprant	-2.0932612
telotristat-ethyl		-2.0932703
DB00210	adapalene	-2.0932999
DB04840	debrisoquin	-2.0933104
DB11792	mirodenafil	-2.0933318
DB06237	avanafil	-2.0933318
DB06267	Udenafil	-2.0933318
DB00850	perphenazine	-2.093339
haloperidol-decanoate		-2.0934522
DB01006	letrozole	-2.093674
DB01353	Butethal	-2.0936866
DB08889	carfilzomib	-2.09383
DB06719	Buserelin	-2.0940866
DB00548	Azelaic Acid	-2.0941298
DB00070	hyaluronidase (ovine)	-2.0941818
butorphanol-(+)-tartrate		-2.0942118
DB00308	ibutilide	-2.094249
DB01080	vigabatrin	-2.0944445
DB01071	Mequitazine	-2.0944576
DB06282	levocetirizine	-2.0944576
DB09301	CHONDROITIN SODIUM	-2.0944753
DB00014	goserelin-acetate	-2.094557
DB07615	tranilast	-2.094606
diphemanil		-2.0946782
DB06204	tapentadol	-2.0947447
DB06626	axitinib	-2.0948274
DB08883	perampanel	-2.094851
DB00072	trastuzumab	-2.0948522
DB09217	firocoxib	-2.0950036
deracoxib		-2.0950036
DB00132		-2.0950482
DB04743	nimesulide	-2.0950835
DB06725	lornoxicam	-2.095101
DB01278	Pramlintide	-2.0951874
DB01014	balsalazide	-2.0953677
DB00152	thiamine	-2.0955074
DB08604		-2.0955968
DB01198	Zopiclone	-2.0956736
DB12233	iguratimod	-2.095837
DB00284	acarbose	-2.0959024
DB13783	acemetacin	-2.095929
DB00821	carprofen	-2.095929
DB01170	guanethidine	-2.095993
DB00425	zolpidem	-2.096026
DB00437	allopurinol	-2.0960577
DB00877	sirolimus	-2.0960615
DB00924	cyclobenzaprine	-2.0962255
5-hydroxytryptophan		-2.0963175
DB00500	tolmetin	-2.0963347
DB00461	nabumetone	-2.0963347
flurbiprofen-(S)-(+)		-2.0963347
amtolmetin-guacil		-2.0963347
DB00991	oxaprozin	-2.0963347
DB08986	etifoxine	-2.096489
DB12401	bromperidol	-2.0966592
DB12867	benperidol	-2.0966592
DB01309	Insulin Glulisine	-2.0966692
DB08880	teriflunomide	-2.096671
DB09166	etizolam	-2.0966866
DB00933	mesoridazine	-2.0966883
DB09212	loxoprofen	-2.0967667
DB13167	alclofenac	-2.0967667
DB08899	enzalutamide	-2.0968266
DB11619	gestrinone	-2.0970042
DB01285	Corticotropin	-2.0971286
DB00024		-2.0972672
DB09215	droxicam	-2.0972812
DB06016	cariprazine	-2.097333
DB00030	insulin human	-2.0975146
DB00998	frovatriptan	-2.0975633
DB01241	gemfibrozil	-2.0976632
DB06706	isometheptene-mucate	-2.0976708
DB01050	ibuprofen	-2.0977273
xipamide		-2.0977407
SN-38		-2.0979068
DB00918	almotriptan	-2.097911
DB01621	Pipotiazine	-2.0980604
DB00432	Trifluridine	-2.0980945
cortisone		-2.098251
DB01019	bethanechol	-2.09827
DB06688	sipuleucel-T	-2.0984676
cyclosporin-a		-2.0986822
DB00957	norgestimate	-2.0987067
DB01102	Arbutamine	-2.098789
DB01217	anastrozole	-2.0989208
DB00990	exemestane	-2.0989208
DB00894	testolactone	-2.0989208
fluphenazine-decanoate		-2.0989633
DB00982	isotretinoin	-2.0989738
DB06212	tolvaptan	-2.0990257
DB06439	Tyloxapol	-2.0991433
DB01267	paliperidone	-2.0992908
DB01118	amiodarone	-2.0993962
DB04878	voglibose	-2.0994413
DB09517	sodium ferric gluconate complex	-2.0994742
DB06287	temsirolimus	-2.0994902
DB01177	idarubicin	-2.0996048
DB00082	Pegvisomant	-2.0998273
DB01618	molindone	-2.0998492
DB00151	L-Cysteine	-2.0998852
silibinin		-2.0999131
DB01211	clarithromycin	-2.1001532
DB02925	piretanide	-2.1001642
DB08961	azosemide	-2.1001642
DB00127	Spermine	-2.1001647
DB06480	prucalopride	-2.1002836
DB00561	doxapram	-2.1002882
DB00970	dactinomycin	-2.1003032
DB01015	sulfamethoxazole	-2.1003141
DB00154	gamma-Homolinolenic acid	-2.1003141
DB09273	doxofylline	-2.1003966
DB04942	tamibarotene	-2.1004877
DB00327	Hydromorphone	-2.100555
DB05812	abiraterone	-2.1008155
DB01223	Aminophylline	-2.1008425
DB11081	Aluminium chloride	-2.1008937
DB01057	Ecothiopate	-2.1009066
DB02300	calcipotriol	-2.101212
DB00848	Levamisole	-2.101328
DB01483	barbital	-2.1013367
DB00734	risperidone	-2.1013434
methylprednisolone-aceponate		-2.1013935
DB11834	guselkumab	-2.101437
DB00237	butabarbital	-2.1014485
DB02701	nicotinamide	-2.1015332
DB02659	cholic-acid	-2.1016126
prednisolone-sodium-phosphate		-2.1017473
DB00092	alefacept	-2.1018744
DB00095	efalizumab	-2.101933
DB00250	dapsone	-2.1019466
DB00213	pantoprazole	-2.1019762
DB01623	thiothixene	-2.1019835
DB00936	Salicylic acid	-2.1019895
DB01615	Aceprometazine	-2.102076
DB00356	chlorzoxazone	-2.1024218
DB01117	atovaquone	-2.1024532
DB00381	amlodipine	-2.1024919
DB11085	resorcinol	-2.102517
DB00207	azithromycin	-2.1026654
DB00435	Nitric Oxide	-2.1027224
DB00557	hydroxyzine	-2.1028044
DB09018	bromopride	-2.1029596
DB11591	bilastine	-2.1030421
DB00973	ezetimibe	-2.103119
DB06216	asenapine	-2.1031227
DB00043	omalizumab	-2.103161
DB01624	zuclopenthixol	-2.1031628
DB06774	capsaicin	-2.1031785
DB00996	gabapentin	-2.1033397
DB08922	perospirone	-2.1034918
DB00511		-2.1036365
DB02901	dihydrotestosterone	-2.1037173
DB00997	doxorubicin	-2.1037858
DB01238	aripiprazole	-2.1039467
DB00744	zileuton	-2.1039815
DB09230	azelnidipine	-2.1040084
DB00922	levosimendan	-2.1040235
DB00623	fluphenazine	-2.1040337
DB01274	Arformoterol	-2.1041548
DB09082	vilanterol	-2.104155
DB06777	chenodeoxycholic-acid	-2.1042476
DB01407	clenbuterol	-2.1042702
DB06268	Sitaxentan	-2.1044483
DB00710	ibandronate	-2.1046145
DB11157		-2.1046572
DB00993	azathioprine	-2.104674
DB00535	cefdinir	-2.1047583
DB01357	mestranol	-2.1049712
DB00720	clodronic-acid	-2.1049733
DB11988	ocrelizumab	-2.1050725
DB00246	ziprasidone	-2.1050906
DB01035	procainamide	-2.1052485
DB01191	Dexfenfluramine	-2.105452
DB00138	L-Cystine	-2.1054678
DB09054	idelalisib	-2.1055863
DB00408	loxapine	-2.1058905
DB00221	isoetharine	-2.10596
clorprenaline		-2.10596
DB00398	sorafenib	-2.1060069
DB11748	benfotiamine	-2.106163
DB06714	propylhexedrine	-2.106258
DB01041	Thalidomide	-2.1063511
DB01409	tiotropium	-2.1064222
DB13873	fenofibric-acid	-2.1064868
DB00563	methotrexate	-2.1065676
hydrocortisone-phosphate		-2.1065934
DB00555	lamotrigine	-2.106673
DB06155	Rimonabant	-2.106783
DB00986	Glycopyrronium	-2.1069179
DB00247	methysergide	-2.1069288
DB01403	levomepromazine	-2.107007
mofezolac		-2.107033
DB06739	seratrodast	-2.1070561
DB00572	atropine	-2.1070673
DB01595	Nitrazepam	-2.1070957
DB00338	omeprazole	-2.1071472
DB09006	clinofibrate	-2.1071992
DB03852	eucalyptol	-2.1072288
DB08983	etofibrate	-2.1073055
DB00593	ethosuximide	-2.107389
DB00395	carisoprodol	-2.10739
DB01169	Arsenic trioxide	-2.1076272
DB00749	etodolac	-2.1076448
DB00574	Fenfluramine	-2.1076803
DB01600	tiaprofenic-acid	-2.107806
DB09221	Polaprezinc	-2.107924
DB04894	Vapreotide	-2.1079633
DB00020	sargramostim	-2.1082664
DB00612	bisoprolol	-2.1083758
DB04871	lorcaserin	-2.1083841
DB01030	topotecan	-2.108614
DB00002	Cetuximab	-2.1086292
DB12248	tulobuterol	-2.1088417
DB01200	bromocriptine	-2.1089377
estropipate		-2.109062
DB00433	prochlorperazine	-2.1090708
DB09204	arotinolol	-2.1091099
DB00316	paracetamol	-2.1091173
epalrestat		-2.1091342
DB00938	salmeterol	-2.1091628
DB00983	formoterol	-2.1091628
DB06791	Lanreotide	-2.1092556
DB00310	chlorthalidone	-2.1095204
DB06202	lasofoxifene	-2.109615
DB00642	pemetrexed	-2.1096604
DB06766	alcaftadine	-2.1097171
fluocinolone-acetonide		-2.1097512
DB00170	menadione	-2.1097958
DB00006	bivalirudin	-2.1098592
DB00949	felbamate	-2.1099825
DB00570	vinblastine	-2.110128
DB08807	bopindolol	-2.1101553
DB00573	fenoprofen	-2.1102283
DB00820	tadalafil	-2.1102605
DB08935	obinutuzumab	-2.1103272
DB00309	vindesine	-2.1103272
DB00351	megestrol acetate	-2.1104121
DB00040	Glucagon recombinant	-2.1104732
DB00136	calcitriol	-2.1104784
DB00799	tazarotene	-2.11049
DB01435	phenazone	-2.1104927
DB08955	ibuproxam	-2.1105137
strontium-ranelate		-2.1105273
DB09128	brexpiprazole	-2.1106043
DB01579	Phendimetrazine	-2.1106977
DB01105	Sibutramine	-2.1108983
DB05294	vandetanib	-2.111118
DB00508	triflupromazine	-2.1113176
psoralen		-2.111593
DB00489	sotalol	-2.1116507
DB00746	deferoxamine-mesylate	-2.1117554
DB00047	Insulin Glargine	-2.1117604
DB00046	Insulin Lispro	-2.1117604
DB01303		-2.1117759
DB00480	lenalidomide	-2.1117759
DB00531	cyclophosphamide	-2.1117942
DB00458	imipramine	-2.1118014
DB00788	naproxen	-2.1119049
DB00039	palifermin	-2.1119995
DB09288	propacetamol	-2.1120162
DB00939	meclofenamic-acid	-2.112049
DB06711	naphazoline	-2.112245
DB01412	Theobromine	-2.112391
DB11699	tropisetron	-2.112398
DB01239	chlorprothixene	-2.1125135
DB01216	finasteride	-2.1125517
DB00108	Natalizumab	-2.1127915
DB00587		-2.1128256
DB01224	quetiapine	-2.1129913
DB00106	Abarelix	-2.1129937
DB06699	degarelix	-2.1129937
DB03904	urea	-2.113099
DB01325	quinethazone	-2.1131358
DB08801	dimetindene	-2.1133754
DB00568	cinnarizine	-2.1134517
DB00562	benzthiazide	-2.113472
sodium-salicylate		-2.1135905
DB01175	escitalopram	-2.1136842
DB00830	Phenmetrazine	-2.113729
DB00937	amfepramone	-2.113729
DB00601	linezolid	-2.1138954
DB01232	Saquinavir	-2.1139214
DB06603	panobinostat	-2.1140878
DB01162	terazosin	-2.1141675
DB01063	acetophenazine	-2.1143408
DB00898	Ethanol	-2.1143966
DB08815	lurasidone	-2.1146626
DB01320	fosphenytoin	-2.1148896
carazolol		-2.1148899
DB00606	cyclothiazide	-2.1153374
DB00348	nitisinone	-2.1158442
DB01203	nadolol	-2.116006
DB11595	Atezolizumab	-2.116286
DB00390	digoxin	-2.1162953
DB01396	Digitoxin	-2.1162956
DB01084	emedastine	-2.116302
DB00680	moracizine	-2.1163175
DB00987	cytarabine	-2.1163712
DB08836	temocapril	-2.116391
DB01599	probucol	-2.116417
DB01016	glyburide	-2.1164756
DB00910	paricalcitol	-2.1165943
DB00423	methocarbamol	-2.1166363
DB01013	clobetasol-propionate	-2.1167948
DB00439		-2.116922
DB04899	Nesiritide	-2.1170728
DB00450	droperidol	-2.1172063
DB00524	metolazone	-2.117221
DB00706	tamsulosin	-2.117295
DB00007	leuprolide	-2.1173406
DB01393	bezafibrate	-2.1173813
DB01090	pentolinium	-2.117599
DB00334	olanzapine	-2.117961
clobetasone-butyrate		-2.1183434
DB01233	metoclopramide	-2.1184092
DB08918	Levomilnacipran	-2.1184227
DB06479	propentofylline	-2.118432
DB01065	melatonin	-2.118654
DB00865	Benzphetamine	-2.1186566
DB01095	fluvastatin	-2.1186805
DB00975	dipyridamole	-2.1189053
DB00370	mirtazapine	-2.1189408
DB00864	tacrolimus	-2.1189911
DB09235	Efonidipine	-2.1190524
DB06148	mianserin	-2.1191182
DB00110	palivizumab	-2.1193528
DB00028		-2.1194956
DB01018	guanfacine	-2.119621
DB09064	ciprofibrate	-2.119662
DB06594	agomelatine	-2.1198013
fludarabine-phosphate		-2.119827
DB00420	promazine	-2.1199248
DB01173	orphenadrine	-2.1199446
DB01366	procaterol	-2.1200686
DB00232	methyclothiazide	-2.1201067
DB01392	yohimbine	-2.1201167
DB00960	pindolol	-2.1202724
DB00234	reboxetine	-2.120375
DB00335	atenolol-(+/-)	-2.1204042
DB04890	bepotastine	-2.1205027
DB00740	riluzole	-2.1205153
DB00880	chlorothiazide	-2.1205387
DB01158	bretylium	-2.1206777
DB09292	sacubitril	-2.120689
DB01240	epoprostenol	-2.1206896
DB09167	dosulepin	-2.1207159
DB01324	polythiazide	-2.1208515
DB01132	pioglitazone	-2.1214247
DB00590	doxazosin	-2.1214318
DB01033	mercaptopurine	-2.121461
DB06201	rufinamide	-2.1214647
DB00384	triamterene	-2.1214957
DB09068	vortioxetine	-2.121501
DB00328	indomethacin	-2.1215787
DB00549	zafirlukast	-2.121755
DB01291	Pirbuterol	-2.1218073
DB06700	desvenlafaxine	-2.1219387
DB00808	indapamide	-2.1219685
DB00317	gefitinib	-2.12205
DB00999	hydrochlorothiazide	-2.1223543
DB01209	Dezocine	-2.1223624
DB09282	molsidomine	-2.1224904
DB01426	ajmaline	-2.1225078
DB00509	Dextrothyroxine	-2.122577
acefylline		-2.1227176
etofylline		-2.1227176
DB00273	topiramate	-2.1227343
DB00241	butalbital	-2.1227686
DB04844	tetrabenazine	-2.1228216
DB01149	Nefazodone	-2.1228278
DB04880	enoximone	-2.122848
olprinone		-2.122848
pimobendan		-2.122848
DB00349	clobazam	-2.1228917
DB00337	pimecrolimus	-2.1230435
DB12082	vesnarinone	-2.123151
DB00841	dobutamine	-2.1232564
DB00652	Pentazocine	-2.1236017
DB06219	Dalbavancin	-2.1236086
DB00604	Cisapride	-2.1236224
DB00041	aldesleukin	-2.12368
DB01156	bupropion	-2.1237144
desmopressin-acetate		-2.123795
DB01406	danazol	-2.1243339
DB06151	acetylcysteine	-2.1243691
DB01222	budesonide	-2.1246064
DB00383	oxyphencyclimine	-2.1246202
DB01136	carvedilol	-2.1247988
DB08910	pomalidomide	-2.1248512
DB09270	coenzyme Q10	-2.1250114
DB01039	fenofibrate	-2.125081
DB00589	lisuride	-2.125124
DB00844	nalbuphine	-2.1252995
DB00854	Levorphanol	-2.1252995
DB00611	Butorphanol	-2.1252995
DB00774	hydroflumethiazide	-2.125472
DB01185	fluoxymesterone	-2.1256027
DB01021	trichlormethiazide	-2.1256578
DB00583	levocarnitine	-2.125781
DB00436	bendroflumethiazide	-2.1258392
DB00235	milrinone	-2.1259854
DB05271	rotigotine	-2.1260202
DB01056	tocainide	-2.1263013
DB00481	raloxifene	-2.126317
DB06655	liraglutide	-2.1264248
DB02546	vorinostat	-2.126501
DB00553	methoxsalen	-2.1265821
DB01427	amrinone	-2.1267066
DB00415	ampicillin	-2.1267846
DB06684	vilazodone	-2.1268167
DB00159	icosapent	-2.1268964
DB09037	Pembrolizumab	-2.126902
DB09035	Nivolumab	-2.126902
DB00374	Treprostinil	-2.1270785
DB01143	amifostine	-2.1272182
DB13919	candesartan	-2.1272454
DB00448	lansoprazole	-2.1273022
DB11581	venetoclax	-2.1274607
DB00544	5-fluorouracil	-2.1274788
DB09343	tipiracil	-2.127485
DB00054	Abciximab	-2.1274972
DB00647	Dextropropoxyphene	-2.1276076
DB00097	Choriogonadotropin alfa	-2.1276793
DB00813	Fentanyl	-2.1278574
DB00146	Calcidiol	-2.1279626
DB01364	ephedrine	-2.1279643
DB00312	Pentobarbital	-2.1279998
DB01101	capecitabine	-2.128197
DB11136	CHROMIUM	-2.1282623
maropitant		-2.1282742
DB06213	regadenoson	-2.1282887
DB00322	floxuridine	-2.1284077
DB09559	Necitumumab	-2.12862
DB00635	prednisone	-2.1287167
DB00694	daunorubicin	-2.1287773
DB04216	quercetin	-2.128828
DB12023	benralizumab	-2.12892
DB09043	Albiglutide	-2.1290066
DB13928		-2.1290066
DB09045	Dulaglutide	-2.1290066
DB09265	Lixisenatide	-2.1290066
DB01092	ouabain	-2.1290326
DB00780	phenelzine	-2.1290913
DB11783	imidapril	-2.129098
DB05578	Ramucirumab	-2.1291423
DB00404	Alprazolam	-2.1291487
DB00594	amiloride	-2.1291814
DB00502	haloperidol	-2.1291978
DB00222	glimepiride	-2.1293926
DB00784	mefenamic-acid	-2.1294298
DB00493	cefotaxime	-2.1294777
DB09140	Oxygen	-2.1295397
DB09198	Lobeglitazone	-2.129562
DB04846	celiprolol	-2.1297908
DB00044	Lutropin alfa	-2.1298637
DB00364	sucralfate	-2.1299813
DB00963	Bromfenac	-2.1300676
DB00477	chlorpromazine	-2.1300905
DB00454	Pethidine	-2.1303174
DB00636	clofibrate	-2.1303432
DB00575	clonidine	-2.1304438
DB00579	mazindol	-2.1304555
aminopentamide		-2.1305768
DB02709	resveratrol	-2.130595
DB06589	pazopanib	-2.1306536
DB09080	olodaterol	-2.1307652
DB08877	ruxolitinib	-2.1307719
hydrocortisone-butyrate		-2.1314006
DB01142	doxepin	-2.1316075
ufenamate		-2.131638
DB01129	rabeprazole	-2.1316817
DB00515	cisplatin	-2.1319208
DB09048	netupitant	-2.132077
DB06717	fosaprepitant-dimeglumine	-2.132077
DB00673	aprepitant	-2.132077
DB00887	bumetanide	-2.132083
DB11363	alectinib	-2.1323757
DB00071	insulin, neutral	-2.1324232
DB00981	physostigmine	-2.1324492
DB00737	meclizine	-2.1324499
DB00126	Vitamin C	-2.1326761
DB00697	tizanidine	-2.1328983
DB08897	aclidinium	-2.1329167
DB09076	umeclidinium	-2.1329167
DB01234	dexamethasone	-2.1329238
DB12153	citicoline	-2.1331875
DB01620	pheniramine	-2.133272
DB01171	moclobemide	-2.1332881
DB00419	miglustat	-2.1333818
DB00344	protriptyline	-2.1334329
DB08811	tofisopam	-2.1336002
DB00421	spironolactone	-2.1337113
DB00712	flurbiprofen-(+/-)	-2.1338108
DB00661	verapamil	-2.1338506
DB00972	azelastine	-2.133903
DB01181	ifosfamide	-2.1341183
DB00829	diazepam	-2.1342568
DB00914	Phenformin	-2.1342688
DB00248	cabergoline	-2.134311
DB06203	alogliptin	-2.134345
DB01261	sitagliptin	-2.134345
DB04876	vildagliptin	-2.134345
DB08882	linagliptin	-2.134345
DB01397	Magnesium salicylate	-2.1344469
DB01380	cortisone-acetate	-2.1344888
DB01120	gliclazide	-2.1345286
DB00752	tranylcypromine	-2.134613
DB11827	ertugliflozin	-2.1347923
DB00912	repaglinide	-2.1348245
DB04855	dronedarone	-2.1348612
clebopride		-2.1349108
DB01276	exenatide	-2.134932
DB00331	metformin	-2.1349895
DB00586	diclofenac	-2.1350877
DB00853	temozolomide	-2.135196
DB00904	ondansetron	-2.1352603
DB08870	brentuximab vedotin	-2.1353061
DB09038	empagliflozin	-2.135313
DB08907	canagliflozin	-2.135313
DB06292	dapagliflozin	-2.135313
DB04924	itopride	-2.1353288
DB00695	furosemide	-2.135575
DB00915	amantadine	-2.1358097
DB01148	flavoxate	-2.1358345
DB00443	betamethasone	-2.1359427
DB01307	Insulin Detemir	-2.1360464
DB00387	procyclidine	-2.136349
DB00540	nortriptyline	-2.1363828
DB01070	dihydrotachysterol	-2.1363888
DB01425	alizapride	-2.1365855
DB00372	thiethylperazine	-2.1365862
DB00988	dopamine	-2.1366034
DB00835	brompheniramine	-2.1366346
DB00678	losartan	-2.136653
DB00412	Rosiglitazone	-2.1367116
DB01400	neostigmine	-2.1367621
DB00622	nicardipine	-2.1368194
DB01186	Pergolide	-2.1368444
DB01009	ketoprofen	-2.136879
DB06650	ofatumumab	-2.1372101
DB09229	Aranidipine	-2.1372533
DB01088	iloprost	-2.1373558
DB00796	candesartan-cilextil	-2.1375253
DB00707	PORFIMER SODIUM	-2.137558
DB01588	Prazepam	-2.1376274
DB00959	methylprednisolone	-2.1376808
DB01067	glipizide	-2.1377592
DB00731	nateglinide	-2.1377592
DB00860	prednisolone	-2.1377857
DB01260	desonide	-2.1380239
DB00741	hydrocortisone	-2.138033
DB01252	mitiglinide	-2.1380386
DB00280	disopyramide	-2.1381936
DB00293	raltitrexed	-2.1383038
DB08799	antazoline	-2.1383357
DB00543	amoxapine	-2.1385765
DB01251	gliquidone	-2.1386166
DB00672	chlorpropamide	-2.1387284
DB08806	roxatidine-acetate	-2.138752
DB09279	fimasartan	-2.138873
DB09067	corticorelin ovine triflutate	-2.1389055
DB03128	acetylcholine	-2.1390033
DB00199	erythromycin	-2.1390939
DB00459	acitretin	-2.1392796
DB00434	cyproheptadine	-2.1394618
DB01085	pilocarpine	-2.1394825
DB01262	decitabine	-2.139555
DB01122	ambenonium	-2.1396027
DB00142	L-Glutamic Acid	-2.1399562
DB00201	caffeine	-2.1402676
DB00628	Clorazepate	-2.1403072
DB01193	acebutolol	-2.140421
DB09331	daratumumab	-2.1404712
DB00175	pravastatin	-2.140543
DB00699	nicergoline	-2.140625
DB01340	cilazapril	-2.140695
DB00542	benazepril	-2.140695
DB01382	Glycodiazine	-2.1407142
DB00169	cholecalciferol	-2.140754
DB01076	atorvastatin	-2.1407914
DB11950	teneligliptin	-2.1408455
DB12417	anagliptin	-2.1408455
trelagliptin		-2.1408455
DB00145	Glycine	-2.1410394
DB12159	DUPILUMAB	-2.141047
DB01231	diphenidol	-2.141141
DB01023	felodipine	-2.141257
ipragliflozin-l-proline		-2.1412907
DB00620	triamcinolone	-2.1413429
DB00985	dimenhydrinate	-2.1414058
DB00797	tolazoline	-2.1414063
DB01124	tolbutamide	-2.1414206
DB06335	saxagliptin	-2.1416316
DB00691	moexipril	-2.141698
DB00928	azacitidine	-2.1417522
DB00748	carbinoxamine	-2.1418915
DB06176	romidepsin	-2.1419888
DB00757	dolasetron	-2.1420782
DB00377	palonosetron	-2.1420782
DB00889	granisetron	-2.1420782
megestrol-acetate		-2.1421137
DB00482	celecoxib	-2.1421447
DB00747	scopolamine	-2.1423645
DB00585	nizatidine	-2.1425028
DB00927	famotidine	-2.142503
DB01356	Lithium	-2.1425169
DB00388	phenylephrine	-2.1426585
DB13165	ripasudil	-2.142879
DB00401	nisoldipine	-2.142918
DB01098	rosuvastatin	-2.1429217
DB00226	guanadrel	-2.1429284
DB01228	Encainide	-2.1430025
DB00692	phentolamine	-2.1431835
DB09016	Butriptyline	-2.143198
DB00052	Somatropin recombinant	-2.1432145
DB00363	clozapine	-2.1433883
DB00414	acetohexamide	-2.1433988
DB00839	tolazamide	-2.1433988
DB01199	tubocurarine	-2.1434922
DB00325	Nitroprusside	-2.1435182
DB04920	cleviprex	-2.1437538
DB09564	Insulin Degludec	-2.1437843
DB00227	lovastatin	-2.1438758
DB09302	Alirocumab	-2.1439624
DB00264	metoprolol	-2.1444395
DB00834	mifepristone	-2.1446342
DB00637	Astemizole	-2.1447258
DB00252	phenytoin	-2.1447835
DB01247	isocarboxazid	-2.1448128
DB00588	fluticasone propionate	-2.144959
DB00262	carmustine	-2.145019
DB00376	trihexyphenidyl	-2.1452687
DB00842	oxazepam	-2.1453729
DB00903	etacrynic-acid	-2.145474
DB00451	levothyroxine	-2.1459773
DB00307	bexarotene	-2.1460252
DB04932	Defibrotide	-2.1460817
DB00162	retinol	-2.1461875
DB00340	metixene	-2.1464853
DB00683	Midazolam	-2.1465611
DB00457	prazosin	-2.146629
DB00405	Dexbrompheniramine	-2.1466634
DB09213	Dexibuprofen	-2.1468954
DB00571	propranolol	-2.1470163
DB01146	diphenylpyraline	-2.1471026
DB00934	maprotiline	-2.1471524
DB01029	irbesartan	-2.1476305
DB00629	Guanabenz	-2.1476698
DB09205	Moxisylyte	-2.147685
DB00659	acamprosate	-2.1476955
DB09244	pirlindole	-2.1478713
DB00810	biperiden	-2.1478832
DB00017	Salmon Calcitonin	-2.1479082
DB00245	Benzatropine	-2.147936
DB05015	belinostat	-2.1480513
DB00876	eprosartan	-2.148194
DB00275	olmesartan	-2.1481943
DB00177	valsartan	-2.1481943
fludrocortisone-acetate		-2.1483343
DB12478	piribedil	-2.14849
thiram		-2.1485007
DB01003	cromoglicic-acid	-2.1485684
DB00966	telmisartan	-2.148574
DB00418	Secobarbital	-2.1486135
DB00073	Rituximab	-2.1486804
DB00158	folic-acid	-2.1486807
DB08822	Azilsartan medoxomil	-2.1487148
DB09118	stiripentol	-2.1487782
DB01235	levodopa	-2.1489213
DB01349	Tasosartan	-2.1490402
DB01005	hydroxyurea	-2.149044
DB01166	cilostazol	-2.149322
DB00413	pramipexole	-2.1494265
DB00268	ropinirole	-2.1494265
DB00318	Codeine	-2.149485
DB00078	Ibritumomab tiuxetan	-2.1494951
DB00641	simvastatin	-2.1496363
DB00564	carbamazepine	-2.149657
DB00240	ALCLOMETASONE	-2.1499355
DB00004	Denileukin diftitox	-2.1500168
DB00533		-2.150775
DB00908	quinidine	-2.1508346
DB00288	amcinonide	-2.151049
DB01204	mitoxantrone	-2.1511774
DB01410	ciclesonide	-2.1513293
DB00212	Remikiren	-2.1514485
DB01282	carbetocin	-2.1515281
DB00929	misoprostol	-2.1516836
DB01348	Spirapril	-2.1518564
DB00798	Gentamicins	-2.1518824
DB00332	ipratropium	-2.1519065
DB00514	dextromethorphan	-2.152061
DB00427	triprolidine	-2.152254
DB01183	naloxone	-2.1523156
DB00115	cyanocobalamin	-2.1524568
DB00968	methyldopa	-2.1525805
DB06264	tolperisone	-2.152631
DB00881	quinapril	-2.1527128
DB01130	prednicarbate	-2.1527526
DB06786	halcinonide	-2.152809
DB00223	DIFLORASONE	-2.1529274
DB00153	ergocalciferol	-2.152945
chlorogenic-acid		-2.15295
DB12163	sarpogrelate	-2.1529775
DB06654	safinamide	-2.1529884
DB06211	doripenem	-2.1530993
DB00863	ranitidine	-2.1536932
DB00254	doxycycline	-2.153804
DB01611	Hydroxychloroquine	-2.1540046
DB01100	pimozide	-2.1541986
DB01179	podophyllotoxin	-2.154323
DB08860	pitavastatin	-2.1543386
DB00157	NADH	-2.1546052
DB00501	cimetidine	-2.1549172
DB00547	desoximetasone	-2.1550279
DB00794	primidone	-2.1550534
DB01176	cyclizine	-2.1550539
DB09030	vorapaxar	-2.15516
DB00580		-2.1552773
DB00714	Apomorphine	-2.1553092
DB00846	fludroxycortide	-2.1553855
DB00519	trandolapril	-2.155644
DB01060	amoxicillin	-2.1558938
DB01351	Amobarbital	-2.1559973
DB03754	Tromethamine	-2.156124
DB00368	norepinephrine	-2.1561604
DB01114	chlorphenamine	-2.1562164
DB00822	disulfiram	-2.1568003
DB00956	Hydrocodone	-2.1569006
DB01064	isoprenaline	-2.1570983
DB00940	methantheline	-2.1571448
DB00674	galantamine	-2.1571844
DB01182	propafenone	-2.1573403
DB00775	tirofiban	-2.1575217
DB00063	eptifibatide	-2.1575217
DB01001	albuterol	-2.1575634
DB00214	torasemide	-2.1577935
ethanolamine-oleate		-2.1582932
DB00397	Phenylpropanolamine	-2.1583433
DB00424	hyoscyamine	-2.158457
DB01022	phytonadione	-2.1584587
DB00596	halobetasol	-2.1586604
DB00838	CLOCORTOLONE	-2.158661
DB00715	paroxetine	-2.1590755
DB00178	ramipril	-2.1592011
DB00391	SULPIRIDE	-2.159305
DB00871	terbutaline	-2.1594353
DB00790	perindopril	-2.159493
DB09245	toloxatone	-2.1597452
DB00373	timolol	-2.1598246
DB01229	paclitaxel	-2.1598537
DB01609	deferasirox	-2.1600976
DB01195	flecainide	-2.1601872
DB01031	ethinamate	-2.1609483
DB00492	fosinopril	-2.1610892
DB01107	methyprylon	-2.1611586
DB01437	Glutethimide	-2.1611586
DB00189	Ethchlorvynol	-2.1611586
DB00837		-2.1612139
DB00231	Temazepam	-2.1615493
DB01589	quazepam	-2.1615493
DB00690	Flurazepam	-2.1615493
DB00897	Triazolam	-2.1615493
DB00754	ethotoin	-2.1619425
DB00379	mexiletine	-2.162068
DB00843	donepezil	-2.16227
DB00343	diltiazem	-2.1623404
DB01359	penbutolol	-2.162419
DB06168	Canakinumab	-2.1625094
DB00872	conivaptan	-2.162643
DB00475	Chlordiazepoxide	-2.1629753
DB08908	dimethyl-fumarate	-2.1636152
DB06285	Teriparatide	-2.1637614
DB06272	maxacalcitol	-2.1639025
DB00764	mometasone	-2.1639314
DB00758	clopidogrel	-2.1642275
DB01017	minocycline	-2.1644793
DB00656	trazodone	-2.164827
DB00640	adenosine	-2.1650877
DB00281	lidocaine	-2.1651604
DB00313	Valproic Acid	-2.1657333
DB01254	dasatinib	-2.1659398
DB01068	clonazepam	-2.1659632
DB01121	phenacemide	-2.165986
DB06813	pralatrexate	-2.166079
DB00382	tacrine	-2.1661775
DB01104	sertraline	-2.166197
DB00806	pentoxifylline	-2.1662848
DB01625	isopropamide-iodide	-2.1663148
DB00302	Tranexamic Acid	-2.1664364
DB00104	octreotide	-2.1664476
DB04838	cyclandelate	-2.1665385
DB00545	mestinon	-2.1666884
DB06210	eltrombopag	-2.16672
DB09097	quinagolide	-2.166754
DB00200	Hydroxocobalamin	-2.1668446
DB00285	venlafaxine	-2.1669908
DB09389	norgestrel	-2.1670375
DB01352	APROBARBITAL	-2.1670713
DB01626	pargyline	-2.1672864
DB01113	papaverine	-2.1673923
DB00367	levonorgestrel	-2.1676176
DB00190	carbidopa	-2.1679442
DB01010	edrophonium	-2.1681352
DB00733	pralidoxime	-2.1681352
DB01126	dutasteride	-2.1681952
DB00962	zaleplon	-2.1682813
caramiphen		-2.168517
methylene-blue		-2.1686683
DB01436	alfacalcidol	-2.1686778
DB01277	Mecasermin	-2.1687648
DB01275	hydralazine	-2.1693926
DB00935	oxymetazoline	-2.1695666
DB06663	pasireotide	-2.1697106
DB01174	Phenobarbital	-2.169715
DB00242	cladribine	-2.1701252
DB01047	fluocinonide	-2.1702452
DB01073	fludarabine	-2.1703303
DB00978	lomefloxacin	-2.1703384
DB00001	Lepirudin	-2.1704519
DB00653	Magnesium Sulfate	-2.170483
DB08826	deferiprone	-2.1706324
DB00179	masoprocol	-2.1708841
DB00995	auranofin	-2.1715977
DB00668	epinephrine	-2.171668
DB00763	methimazole	-2.1718323
DB00851	dacarbazine	-2.1720328
DB00521	carteolol	-2.1726122
DB00608	chloroquine	-2.1729321
DB00366	doxylamine	-2.172971
DB00279	liothyronine	-2.1732461
DB00989	rivastigmine	-2.1733093
DB11274		-2.1736283
DB00206	reserpine	-2.1742156
quinaprilat		-2.174992
DB12243	edaravone	-2.1751716
DB00761	potassium chloride	-2.1753726
DB01075	diphenhydramine	-2.1753736
DB01558	Bromazepam	-2.1756232
DB00591	Fluocinolone Acetonide	-2.1756616
DB00950	fexofenadine	-2.1758547
icatibant-acetate		-2.176434
DB00805	minaprine	-2.176827
camostat-mesilate		-2.1770706
DB08816	ticagrelor	-2.177165
DB06209	prasugrel	-2.1772318
DB01263	posaconazole	-2.1774833
DB01214	Metipranolol	-2.177598
DB01333	cefradine	-2.177646
DB00191	phentermine	-2.177704
DB00663	flumethasone	-2.1777394
DB00670	pirenzepine	-2.1778808
r(-)-apomorphine		-2.1779525
vinburnine		-2.1780093
DB01168	procarbazine	-2.178571
DB00852	Pseudoephedrine	-2.1793184
DB00849	Methylphenobarbital	-2.179326
DB00033		-2.1793518
DB11632	OPICAPONE	-2.1793742
DB12831	gabexate	-2.179434
DB11757	istradefylline	-2.1795774
DB00270	isradipine	-2.1796606
DB00471	montelukast	-2.1796927
DB04861	nebivolol	-2.1797104
DB00598	labetalol	-2.1797621
DB00942	Cycrimine	-2.1798615
DB00546	Adinazolam	-2.1798801
DB00228	Enflurane	-2.1798894
DB00528	lercanidipine	-2.1808162
budipine		-2.1810365
DB00093	Felypressin	-2.181119
DB00392	profenamine	-2.181165
DB04572	thiotepa	-2.1816034
DB00186	lorazepam	-2.1816118
DB00215	citalopram	-2.1823692
DB00292	etomidate	-2.1824558
DB00818	propofol	-2.1826084
DB00722	lisinopril	-2.182691
DB11742	ebastine	-2.182994
DB01043	memantine	-2.1830955
DB01115	nifedipine	-2.183156
DB04837	clofedanol	-2.1832666
DB08867	ulipristal	-2.1833308
DB00719	azatadine	-2.1833572
DB00643	mebendazole	-2.183623
benztropine-mesylate		-2.1837397
DB00902	Methdilazine	-2.1840558
DB05260		-2.1841135
ftorafur		-2.1845875
DB12947	doxifluridine	-2.1845875
DB09010	carmofur	-2.1845875
DB00869	dorzolamide	-2.1846588
DB00727	Nitroglycerin	-2.1847563
DB01137	levofloxacin	-2.1848896
DB09026	aliskiren-hemifumarate	-2.1852221
DB01197	captopril	-2.1854057
DB00824		-2.1855159
DB00771	clidinium	-2.1856923
DB05541	brivaracetam	-2.1857815
DB01037	selegiline	-2.1861353
DB00816	metaproterenol	-2.1862857
DB06470	clomethiazole	-2.1868968
DB01367	rasagiline	-2.1870146
DB00261	anagrelide	-2.1870453
DB11598	Antithrombin III	-2.187063
DB00494	entacapone	-2.1872082
DB00323	Tolcapone	-2.1872082
DB00472	fluoxetine	-2.187558
DB11614	rupatadine	-2.1876109
DB03085	glycolic acid	-2.1877012
DB05039	indacaterol	-2.1877508
DB00994	Neomycin	-2.188164
falecalcitriol		-2.1881735
DB01194	brinzolamide	-2.1885042
DB05016	ataluren	-2.1886644
DB00195	betaxolol	-2.1890876
DB00180	flunisolide	-2.1894226
DB00946	phenprocoumon	-2.1894476
DB01119	diazoxide	-2.1895576
DB01069	promethazine	-2.189708
DB08814	triflusal	-2.189791
DB00800	fenoldopam	-2.1899252
DB01246	Trimeprazine	-2.1922705
DB06691	mepyramine	-2.1923134
DB00654	latanoprost	-2.1923628
DB00287	travoprost	-2.1923628
DB08819	Tafluprost	-2.1923628
DB06716	Fospropofol	-2.1928694
mozavaptan		-2.1930714
DB00700	eplerenone	-2.1933951
DB06707	levonordefrin	-2.193495
DB06401	bazedoxifene	-2.1938045
DB00679	Thioridazine	-2.1938164
DB00759	tetracycline	-2.1940153
DB00792	tripelennamine	-2.1942594
DB01270	Ranibizumab	-2.1944318
DB00765	metirosine	-2.1945095
DB12017	ozagrel	-2.1945922
DB08941	isoxsuprine	-2.1950614
DB04895	Pegaptanib	-2.1963222
DB00218	moxifloxacin	-2.196537
DB11995	avatrombopag	-2.1966064
DB12523	mizolastine	-2.1967032
DB05332	Romiplostim	-2.1977
DB00682	warfarin	-2.19818
DB00009	Alteplase	-2.1982298
DB01619	phenindamine	-2.198469
DB06643	Denosumab	-2.1985545
DB01210	levobunolol	-2.1989186
DB00067	vasopressin	-2.1989303
DB09228	CONESTAT ALFA	-2.1990721
DB09351	levobetaxolol	-2.1993182
DB00584	enalapril	-2.1995914
DB00283	clemastine	-2.199735
DB09015	potassium-canrenoate	-2.2002175
DB00484	brimonidine	-2.2003405
DB09059	atosiban	-2.2010005
DB00455	loratadine	-2.2016265
melevodopa		-2.2024899
DB00905	bimatoprost	-2.203135
DB00537	ciprofloxacin	-2.2032263
DB01089	deserpidine	-2.2043426
DB01165	ofloxacin	-2.205023
DB00517	Anisotropine Methylbromide	-2.2052612
DB00128	L-Aspartic Acid	-2.2061749
DB08827	lomitapide	-2.2064018
DB00498	phenindione	-2.2066271
DB00147	pyridoxal	-2.20665
DB06720	velaglucerase alfa	-2.206663
DB09280	lumacaftor	-2.2074964
DB11712	tezacaftor	-2.2074964
DB08820	ivacaftor	-2.2074964
DB09477	enalaprilat	-2.2082186
DB00208	ticlopidine	-2.2085032
DB01365	mephentermine	-2.2086856
DB00619	imatinib	-2.20926
DB00357	aminoglutethimide	-2.209583
DB09047	finafloxacin	-2.2097082
DB01220	rifaximin	-2.2098496
adrenalone		-2.2102718
DB12783	benserazide	-2.21034
DB00393	nimodipine	-2.210898
DB00539	toremifene	-2.2114325
DB00967	desloratadine	-2.2114968
DB00341	cetirizine	-2.2114968
DB08936	chlorcyclizine	-2.2117844
DB00462	Methylscopolamine bromide	-2.211936
DB00610	metaraminol	-2.2125561
DB12863	sivelestat	-2.2128227
DB00777	propiomazine	-2.2130663
DB01011	metyrapone	-2.213767
DB00847	cysteamine	-2.2139523
DB01408	bambuterol	-2.2146153
DB08868	fingolimod	-2.2149515
DB09014	Captodiame	-2.215839
DB00360	sapropterin	-2.216081
DB00350	minoxidil	-2.2160814
DB00440	trimethoprim	-2.2177582
DB00725	Homatropine Methylbromide	-2.2189376
DB00782	propantheline	-2.2191734
DB09121	aurothioglucose	-2.2195635
DB01237	Bromodiphenhydramine	-2.219898
DB01108	trilostane	-2.2199361
DB08995	diosmin	-2.2200048
DB01215	Estazolam	-2.2220545
DB00161	L-Valine	-2.222131
DB09272	eluxadoline	-2.222721
DB03793	Benzoic Acid	-2.2240353
DB09488	acrivastine	-2.2244606
DB00048	Collagenase clostridium histolyticum	-2.225124
DB06694	xylometazoline	-2.2260544
DB00029	Anistreplase	-2.226139
DB00550	propylthiouracil	-2.2264016
DB00083		-2.2289715
DB00013	Urokinase	-2.2292266
DB06193	pixantrone	-2.2297885
DB11675	mosapride	-2.2305038
DB01268	sunitinib	-2.230813
DB00925	phenoxybenzamine	-2.2308311
DB04843	mepenzolate	-2.2310038
DB02638	terlipressin	-2.2315292
DB00523	Alitretinoin	-2.231696
DB06695		-2.231921
DB00086	Streptokinase	-2.232298
DB06271	Sulodexide	-2.2323034
DB09290	ramosetron	-2.2323625
DB01059	norfloxacin	-2.2325015
DB06718	stanozolol	-2.2328897
DB06605	apixaban	-2.2339272
DB00015	Reteplase	-2.2361805
DB00035	Desmopressin	-2.236279
DB06764	tetrahydrozoline	-2.2365665
DB00055		-2.2376528
DB09075	edoxaban	-2.2380722
DB00552	pentostatin	-2.2385244
DB01431	allylestrenol	-2.2391653
DB06273	Tocilizumab	-2.2406776
DB06775	carglumic-acid	-2.2411697
DB09039	eliglustat	-2.2413988
DB01125	anisindione	-2.2415974
DB00657	mecamylamine	-2.24168
DB01046	lubiprostone	-2.2430348
DB09289	tianeptine	-2.2431138
DB06756	betaine	-2.243349
DB06441	CANGRELOR	-2.2434306
DB00648	mitotane	-2.2438183
DB06262	droxidopa	-2.2442622
DB00685	trovafloxacin	-2.244346
DB08875	cabozantinib	-2.2446878
DB01616	alverine	-2.246292
DB00385	valrubicin	-2.2464495
DB06152	buphenine	-2.2468548
DB01288		-2.2469885
DB00389	carbimazole	-2.2471843
DB00075	Muromonab-CD3	-2.2477639
DB06692	Aprotinin	-2.2487411
DB00650	leucovorin	-2.2489378
zotarolimus		-2.2491415
DB06228	rivaroxaban	-2.2492855
DB08888	ocriplasmin	-2.24955
dabigatran		-2.2497094
dabigatran-etexilate		-2.2497094
DB13689	tacalcitol	-2.2498322
DB08901	ponatinib	-2.2500813
DB08957	hexoprenaline	-2.2502012
picotamide		-2.2507038
DB09418	Potassium perchlorate	-2.2507508
DB12545	indobufen	-2.2519124
DB05099	Ancrod	-2.2556267
DB00266	dicoumarol	-2.2556813
DB11166	ANTITHROMBIN ALFA	-2.2559242
DB01395	drospirenone	-2.2567866
DB00087	Alemtuzumab	-2.25694
DB08896	regorafenib	-2.259001
DB00031	Tenecteplase	-2.259458
DB01207	ridogrel	-2.2602212
DB08885	AFLIBERCEPT	-2.2605639
DB00723	methoxamine	-2.2610593
DB05777	THROMBOMODULIN ALFA	-2.2625592
DB00025		-2.2628431
DB13999	MOROCTOCOG ALFA	-2.2628431
DB00470		-2.2645953
DB01418	acenocoumarol	-2.2660232
DB12598	NAFAMOSTAT	-2.268421
DB00167	L-Isoleucine	-2.269019
DB08890	linaclotide	-2.269707
DB12833	tandospirone	-2.2723417
DB06754	Danaparoid	-2.273226
DB06196	Icatibant	-2.2762666
DB12364	betrixaban	-2.2815413
DB04898	Ximelagatran	-2.2831242
DB09099	somatostatin	-2.2831795
DB09241	Methylene Blue	-2.2852073
DB13933	NONACOG BETA PEGOL	-2.285777
DB09108	SIMOCTOCOG ALFA	-2.285923
DB09258	Bemiparin	-2.2872024
DB00036	Coagulation factor VIIa Recombinant Human	-2.2877545
DB00513	6-Aminocaproic Acid	-2.2891335
DB11571		-2.2899327
DB11572	THROMBIN ALFA	-2.2899327
DB00026	Anakinra	-2.2905328
DB00569	Fondaparinux	-2.2927213
DB09109	TUROCTOCOG ALFA	-2.2929823
DB09310	CATRIDECACOG	-2.3052406
DB00497	Oxycodone	-2.3092642
DB01140	cefadroxil	-2.3124013
DB13152		-2.3128605
DB01109	Heparin	-2.315766
DB01225	Enoxaparin	-2.3174076
DB00165	pyridoxine	-2.3195763
DB00100	Coagulation Factor IX	-2.3234801
DB09089	trimebutine	-2.3251019
DB00107	oxytocin	-2.3307202
DB09271	cimetropium	-2.338046
DB12554	mebeverine	-2.338046
DB09090	pinaverium	-2.3396394
DB05311	ECALLANTIDE	-2.3420227
DB01079		-2.3425357
DB00804	dicycloverine	-2.342999
DB13500	otilonium	-2.3432977
trepibutone		-2.3458164
DB00112	Bevacizumab	-2.3470964
DB09036	Siltuximab	-2.348476
DB00099	Filgrastim	-2.3487606
DB06819	phenylbutyrate	-2.3495615
DB00467	Enoxacin	-2.3506613
DB13996	MAGNESIUM ACETATE	-2.3512866
DB01378	MAGNESIUM	-2.3512866
DB00867	ritodrine	-2.3516874
DB00969	alosetron	-2.3533335
DB06372	Rilonacept	-2.3563557
DB12095	telotristat ethyl	-2.3570595
DB06785	ganirelix	-2.361235
DB00551	Acetohydroxamic Acid	-2.3707128
